summary_id,summary_date,total_revenue,total_orders,avg_order_value
568,2025-07-21,298759.42,163.0,1832.88
522,2025-06-05,384961.97,442.0,870.95
172,2024-06-20,888449.68,485.0,1831.86
613,2025-09-04,116471.22,60.0,1941.19
336,2024-12-01,636941.89,388.0,1641.6
318,2024-11-13,440494.0,375.0,1174.65
315,2024-11-10,122987.55,66.0,1863.45
536,2025-06-19,154837.7,,949.92
54,2024-02-23,151190.98,76.0,1989.35
666,2025-10-27,176306.24,94.0,1875.6
384,2025-01-18,151612.82,147.0,1031.38
543,2025-06-26,206876.21,191.0,1083.12
204,,221837.15,226.0,981.58
132,2024-05-11,218246.53,,
508,2025-05-22,,202.0,1386.93
198,2024-07-16,218502.73,176.0,1241.49
233,2024-08-20,,279.0,1104.08
164,2024-06-12,281836.99,211.0,1335.72
656,2025-10-17,155430.01,109.0,1425.96
411,2025-02-14,441889.45,494.0,894.51
740,2026-01-09,414177.39,319.0,1298.36
441,2025-03-16,751479.1,390.0,1926.87
319,2024-11-14,294307.66,168.0,1751.83
653,2025-10-14,178482.21,138.0,1293.35
516,2025-05-30,,469.0,899.62
213,2024-07-31,582724.15,,1475.25
770,2026-02-08,,335.0,1194.17
693,2025-11-23,566597.58,,1161.06
579,2025-08-01,624046.45,355.0,1757.88
240,2024-08-27,312594.37,365.0,856.42
530,2025-06-13,679531.63,371.0,1831.62
690,2025-11-20,127415.57,108.0,1179.77
537,2025-06-20,174008.8,90.0,1933.43
327,2024-11-22,665229.18,337.0,1973.97
429,2025-03-04,138270.97,153.0,
680,2025-11-10,125731.01,144.0,873.13
285,2024-10-11,359356.21,358.0,1003.79
287,2024-10-13,529289.08,311.0,1701.89
344,2024-12-09,258893.06,145.0,1785.47
36,2024-02-05,73469.88,50.0,1469.4
286,2024-10-12,595897.41,,1345.14
641,2025-10-02,70429.19,52.0,1354.41
364,2024-12-29,812853.55,432.0,1881.61
171,2024-06-19,432865.21,251.0,1724.56
398,2025-02-01,,481.0,1169.53
735,2026-01-04,540486.16,310.0,1743.5
577,2025-07-30,116115.23,141.0,823.51
25,2024-01-25,873999.21,442.0,1977.37
99,2024-04-08,211203.58,121.0,1745.48
5,2024-01-05,266088.83,158.0,1684.11
74,2024-03-14,248428.11,188.0,1321.43
6,2024-01-06,262983.49,284.0,926.0
749,2026-01-18,494653.22,378.0,1308.61
512,2025-05-26,,389.0,1244.77
350,,256422.26,187.0,1371.24
658,2025-10-19,458781.41,236.0,1943.99
249,2024-09-05,,85.0,1805.76
463,2025-04-07,195731.41,158.0,1238.81
306,2024-11-01,124243.65,79.0,1572.7
268,2024-09-24,123138.11,69.0,1784.61
612,2025-09-03,802888.52,,1745.41
140,2024-05-19,768428.69,403.0,1906.77
491,2025-05-05,587451.73,369.0,1592.01
626,2025-09-17,393845.11,,881.09
138,2024-05-17,447709.36,261.0,1715.36
743,2026-01-12,688917.12,436.0,1580.09
289,2024-10-15,340991.28,370.0,921.6
84,2024-03-24,135923.36,168.0,809.07
711,2025-12-11,627471.08,323.0,1942.63
556,2025-07-09,263650.57,240.0,
687,2025-11-17,160625.9,81.0,1983.04
631,2025-09-22,312152.05,177.0,1763.57
199,2024-07-17,436681.6,359.0,1216.38
110,2024-04-19,162025.01,168.0,964.43
765,2026-02-03,539036.64,359.0,
333,2024-11-28,280908.88,322.0,872.39
95,2024-04-04,109585.28,63.0,1739.45
564,,296943.62,221.0,1343.64
216,2024-08-03,156402.19,160.0,977.51
551,2025-07-04,649585.27,453.0,1433.96
499,2025-05-13,237024.74,241.0,983.51
272,2024-09-28,521133.47,335.0,1555.62
262,2024-09-18,229396.23,248.0,924.98
125,2024-05-04,830695.66,442.0,1879.4
237,2024-08-24,604425.59,495.0,1221.06
61,2024-03-01,405210.9,341.0,1188.3
547,2025-06-30,285934.85,259.0,1104.0
487,2025-05-01,305918.82,260.0,1176.61
426,2025-03-01,271322.68,231.0,1174.56
730,,709753.07,370.0,1918.25
753,2026-01-22,235924.56,134.0,1760.63
443,2025-03-18,497470.8,253.0,1966.29
63,2024-03-03,836927.41,480.0,1743.6
734,2026-01-03,562344.58,402.0,1398.87
474,2025-04-18,433004.45,257.0,1684.84
559,2025-07-12,317401.47,227.0,1398.24
225,2024-08-12,381046.47,203.0,1877.08
439,2025-03-14,660262.76,490.0,1347.48
460,2025-04-04,558590.65,318.0,1756.57
570,2025-07-23,514156.99,294.0,1748.83
309,2024-11-04,177274.08,100.0,1772.74
534,2025-06-17,,244.0,1967.88
295,2024-10-21,138030.77,158.0,873.61
65,2024-03-05,218120.47,157.0,1389.3
601,2025-08-23,104579.33,70.0,1493.99
587,2025-08-09,599052.75,418.0,1433.14
374,2025-01-08,192059.16,158.0,1215.56
242,2024-08-29,374268.17,271.0,1381.06
98,2024-04-07,297113.58,334.0,889.56
671,2025-11-01,,51.0,1792.84
497,2025-05-11,607172.68,467.0,1300.16
403,2025-02-06,550587.1,402.0,1369.62
670,2025-10-31,,489.0,1271.07
83,2024-03-23,436520.99,424.0,1029.53
448,2025-03-23,301093.83,310.0,971.27
246,2024-09-02,303035.71,272.0,1114.1
546,2025-06-29,560876.97,457.0,1227.3
304,2024-10-30,589881.54,456.0,1293.6
525,2025-06-08,339126.05,231.0,1468.08
23,2024-01-23,366951.06,438.0,837.79
44,2024-02-13,205919.32,243.0,847.4
40,2024-02-09,,127.0,934.04
500,2025-05-14,300229.93,189.0,1588.52
611,2025-09-02,261141.28,137.0,1906.14
569,2025-07-22,414723.29,238.0,1742.53
321,2024-11-16,764514.69,485.0,1576.32
668,2025-10-29,232687.26,134.0,1736.47
411,2025-02-14,441889.45,494.0,894.51
60,2024-02-29,834873.86,,1884.59
365,2024-12-30,298480.05,167.0,1787.31
202,2024-07-20,271774.95,215.0,1264.07
224,2024-08-11,718650.4,490.0,1466.63
105,2024-04-14,287566.01,212.0,1356.44
627,2025-09-18,474117.1,473.0,1002.36
120,2024-04-29,530659.27,310.0,1711.8
30,2024-01-30,265075.42,269.0,985.41
298,2024-10-24,446271.08,224.0,1992.28
305,2024-10-31,362041.54,189.0,1915.56
96,2024-04-05,567804.51,372.0,1526.36
258,2024-09-14,311863.46,382.0,816.4
775,2026-02-13,249085.45,145.0,1717.83
459,2025-04-03,258314.53,222.0,1163.58
766,2026-02-04,777636.99,413.0,1882.9
93,2024-04-02,259691.23,172.0,1509.83
469,,431171.0,490.0,879.94
265,2024-09-21,771041.13,395.0,1952.0
181,2024-06-29,218445.67,235.0,929.56
380,2025-01-14,,130.0,839.12
404,2025-02-07,380291.21,226.0,1682.7
150,2024-05-29,85131.39,74.0,1150.42
666,2025-10-27,176306.24,94.0,1875.6
630,2025-09-21,571499.52,488.0,1171.11
480,2025-04-24,110875.1,72.0,1539.93
235,2024-08-22,76099.15,50.0,1521.98
17,2024-01-17,702780.0,417.0,1685.32
32,2024-02-01,303924.17,177.0,1717.09
766,2026-02-04,777636.99,413.0,1882.9
631,2025-09-22,312152.05,177.0,1763.57
343,2024-12-08,262487.21,213.0,1232.33
217,2024-08-04,461579.82,266.0,1735.26
621,2025-09-12,158079.03,112.0,1411.42
234,2024-08-21,50651.04,55.0,920.93
288,2024-10-14,124342.49,64.0,1942.85
78,2024-03-18,657736.14,390.0,1686.5
754,2026-01-23,73589.93,71.0,1036.48
275,2024-10-01,538278.28,321.0,1676.88
741,2026-01-10,890007.98,497.0,1790.76
767,2026-02-05,524687.27,277.0,1894.18
460,2025-04-04,558590.65,318.0,1756.57
445,2025-03-20,493093.0,258.0,1911.21
177,2024-06-25,403436.75,215.0,1876.45
257,2024-09-13,773355.26,419.0,1845.72
527,2025-06-10,,,1212.53
476,2025-04-20,183324.12,102.0,1797.3
427,2025-03-02,402803.93,412.0,977.68
101,2024-04-10,311486.24,204.0,1526.89
737,2026-01-06,651728.81,334.0,1951.28
594,2025-08-16,532123.12,450.0,1182.5
609,2025-08-31,435735.75,,1749.94
166,2024-06-14,520944.92,373.0,1396.64
123,2024-05-02,470714.76,293.0,1606.54
134,2024-05-13,410120.96,306.0,1340.26
56,2024-02-25,414087.49,470.0,881.04
720,2025-12-20,200681.13,173.0,1160.01
209,2024-07-27,632799.16,361.0,1752.91
713,2025-12-13,46318.67,53.0,873.94
248,2024-09-04,695090.7,354.0,1963.53
158,2024-06-06,352067.58,332.0,1060.44
332,2024-11-27,670861.83,383.0,1751.6
507,2025-05-21,329522.32,182.0,1810.56
495,2025-05-09,795350.56,437.0,1820.02
521,2025-06-04,257946.52,204.0,1264.44
716,2025-12-16,,182.0,1119.45
675,2025-11-05,116912.03,107.0,1092.64
724,2025-12-24,369311.55,195.0,1893.91
419,2025-02-22,,90.0,1070.61
139,2024-05-18,185998.32,184.0,1010.86
533,2025-06-16,287818.51,155.0,1856.89
698,2025-11-28,218522.27,141.0,1549.8
142,2024-05-21,72873.05,51.0,1428.88
48,2024-02-17,508682.36,435.0,1169.38
257,2024-09-13,773355.26,419.0,1845.72
507,2025-05-21,329522.32,182.0,1810.56
572,2025-07-25,402110.39,401.0,1002.77
75,2024-03-15,245182.86,218.0,1124.69
412,2025-02-15,526212.79,372.0,1414.55
383,2025-01-17,771978.96,456.0,1692.94
636,2025-09-27,658453.7,335.0,1965.53
201,2024-07-19,644289.28,428.0,1505.35
31,2024-01-31,227055.05,231.0,982.92
681,2025-11-11,392066.83,314.0,1248.62
738,2026-01-07,63178.53,63.0,1002.83
324,2024-11-19,528575.59,358.0,1476.47
331,2024-11-26,488485.3,404.0,1209.12
478,2025-04-22,232328.27,175.0,1327.59
452,2025-03-27,103277.32,90.0,
247,2024-09-03,110500.27,95.0,1163.16
180,2024-06-28,816391.23,411.0,1986.35
135,2024-05-14,628591.98,383.0,1641.23
678,2025-11-08,632713.56,433.0,1461.23
55,2024-02-24,217122.2,182.0,1192.98
558,2025-07-11,189784.68,236.0,804.17
756,2026-01-25,147313.55,78.0,1888.64
758,,793526.91,397.0,1998.81
351,2024-12-16,,457.0,1608.14
59,2024-02-28,104595.57,63.0,1660.25
514,2025-05-28,99015.41,62.0,1597.02
141,2024-05-20,400064.87,243.0,1646.36
733,2026-01-02,506071.04,424.0,1193.56
267,2024-09-23,307344.83,371.0,828.42
19,2024-01-19,132061.72,68.0,1942.08
195,2024-07-13,,300.0,1186.56
243,2024-08-30,96860.39,99.0,978.39
422,2025-02-25,374826.21,372.0,1007.6
608,2025-08-30,110861.94,77.0,1439.77
353,2024-12-18,699596.84,363.0,1927.26
108,2024-04-17,162251.13,168.0,965.78
360,2024-12-25,522756.87,421.0,1241.7
107,2024-04-16,329800.78,195.0,1691.29
688,2025-11-18,267936.03,287.0,933.58
413,2025-02-16,428818.98,286.0,1499.37
354,2024-12-19,380403.39,235.0,1618.74
229,2024-08-16,750690.66,439.0,1710.0
638,2025-09-29,166845.77,153.0,1090.5
645,2025-10-06,144116.55,87.0,1656.51
682,2025-11-12,,408.0,
189,2024-07-07,521899.28,355.0,1470.14
697,2025-11-27,642387.95,479.0,1341.1
326,2024-11-21,780400.95,428.0,1823.37
279,2024-10-05,643565.56,323.0,1992.46
573,2025-07-26,400775.48,214.0,1872.78
278,,,387.0,1664.04
592,2025-08-14,631581.18,380.0,1662.06
13,2024-01-13,124652.28,155.0,804.21
661,2025-10-22,123945.34,73.0,1697.88
163,2024-06-11,344282.59,183.0,1881.33
482,2025-04-26,78572.65,73.0,1076.34
461,2025-04-05,,113.0,1944.31
647,,177426.43,215.0,825.24
519,2025-06-02,104871.55,76.0,1379.89
187,2024-07-05,460343.62,370.0,1244.17
430,,570989.22,293.0,1948.77
691,2025-11-21,650512.12,418.0,1556.25
62,2024-03-02,320913.93,269.0,1192.99
391,2025-01-25,310770.23,256.0,1213.95
719,2025-12-19,284463.33,336.0,846.62
382,2025-01-16,270067.57,160.0,1687.92
4,2024-01-04,48874.18,55.0,888.62
747,2026-01-16,267779.1,,1037.9
375,2025-01-09,675995.1,423.0,1598.1
736,2026-01-05,724192.18,391.0,1852.15
622,2025-09-13,335079.94,242.0,1384.63
169,2024-06-17,146630.81,76.0,1929.35
174,2024-06-22,518001.55,336.0,1541.67
263,2024-09-19,450794.53,496.0,908.86
719,2025-12-19,284463.33,336.0,846.62
97,2024-04-06,,198.0,1861.93
619,2025-09-10,662494.38,338.0,1960.04
712,2025-12-12,533251.57,423.0,1260.64
714,2025-12-14,195196.31,206.0,947.55
428,2025-03-03,155801.47,91.0,1712.1
438,2025-03-13,656742.43,344.0,1909.13
126,2024-05-05,95861.75,54.0,1775.22
552,2025-07-05,90974.78,56.0,1624.55
464,2025-04-08,411818.86,220.0,1871.9
173,2024-06-21,188995.89,118.0,1601.66
470,2025-04-14,127395.99,158.0,806.3
683,2025-11-13,451629.58,363.0,1244.16
4,2024-01-04,48874.18,55.0,888.62
361,2024-12-26,302009.65,226.0,1336.33
743,2026-01-12,688917.12,436.0,1580.09
117,2024-04-26,273871.3,274.0,999.53
349,2024-12-14,399870.93,370.0,1080.73
293,2024-10-19,809153.28,411.0,1968.74
348,2024-12-13,977397.47,490.0,1994.69
695,,587798.29,339.0,1733.92
39,2024-02-08,492453.45,351.0,1403.0
291,2024-10-17,286854.64,333.0,861.43
373,2025-01-07,67045.91,,985.97
624,2025-09-15,,317.0,1487.14
472,2025-04-16,,466.0,1251.29
157,2024-06-05,60598.03,60.0,1009.97
111,2024-04-20,440296.36,490.0,898.56
9,2024-01-09,374149.04,221.0,
261,2024-09-17,593859.63,477.0,1244.99
776,2026-02-14,271004.16,172.0,1575.61
440,2025-03-15,258536.7,198.0,1305.74
599,2025-08-21,683781.14,426.0,1605.12
212,2024-07-30,205684.81,131.0,1570.11
290,2024-10-16,89309.11,111.0,804.59
112,2024-04-21,595185.51,468.0,1271.76
284,2024-10-10,225803.28,233.0,969.11
106,2024-04-15,328912.26,242.0,1359.14
518,2025-06-01,433563.76,283.0,1532.03
376,2025-01-10,322309.7,274.0,
515,2025-05-29,265394.97,310.0,856.11
692,2025-11-22,206314.35,,1228.06
312,2024-11-07,354762.37,208.0,1705.59
71,2024-03-11,100552.52,90.0,1117.25
510,2025-05-24,220948.55,151.0,
544,2025-06-27,,204.0,1229.07
339,2024-12-04,95322.07,103.0,925.46
651,2025-10-12,320676.96,246.0,1303.56
615,2025-09-06,519208.59,326.0,1592.66
725,2025-12-25,163545.1,163.0,1003.34
436,2025-03-11,971091.27,490.0,1981.82
169,2024-06-17,146630.81,76.0,1929.35
73,2024-03-13,539641.14,402.0,1342.39
186,2024-07-04,,126.0,1027.05
605,2025-08-27,290426.97,300.0,968.09
723,2025-12-23,653878.33,386.0,1693.99
46,2024-02-15,131402.57,103.0,1275.75
162,2024-06-10,316913.74,159.0,1993.17
550,,379210.46,247.0,1535.27
355,2024-12-20,270405.7,288.0,938.91
526,2025-06-09,367099.7,307.0,1195.76
410,2025-02-13,848184.01,446.0,1901.76
196,2024-07-14,364153.68,341.0,1067.9
296,,315810.52,366.0,862.87
79,2024-03-19,949973.31,491.0,1934.77
483,2025-04-27,237608.04,,1065.51
529,2025-06-12,397486.89,360.0,1104.13
750,2026-01-19,409303.33,415.0,986.27
22,2024-01-22,223810.67,132.0,1695.54
207,2024-07-25,,66.0,1387.44
357,2024-12-22,,224.0,998.6
358,,892849.8,479.0,
442,2025-03-17,471461.39,337.0,1399.0
490,2025-05-04,442985.27,421.0,1052.22
593,2025-08-15,282294.22,225.0,1254.64
424,2025-02-27,502456.6,488.0,1029.62
575,,209000.52,152.0,1375.0
565,2025-07-18,800075.95,443.0,1806.04
362,2024-12-27,551686.6,303.0,1820.75
745,2026-01-14,130955.74,140.0,935.4
590,2025-08-12,382307.5,292.0,1309.27
34,2024-02-03,764407.94,426.0,1794.38
502,2025-05-16,390790.99,280.0,1395.68
444,2025-03-19,454972.58,351.0,1296.22
280,2024-10-06,458402.63,367.0,1249.05
40,2024-02-09,,127.0,934.04
484,2025-04-28,140283.2,94.0,1492.37
520,2025-06-03,598156.78,300.0,
18,2024-01-18,521433.62,,1698.48
218,2024-08-05,579436.75,348.0,1665.05
586,2025-08-08,468772.05,345.0,1358.76
704,2025-12-04,621512.8,355.0,1750.74
571,2025-07-24,305513.7,280.0,1091.12
531,2025-06-14,391472.45,413.0,947.88
220,2024-08-07,289776.13,269.0,1077.23
718,2025-12-18,813231.93,497.0,1636.28
646,2025-10-07,432953.59,415.0,1043.26
506,2025-05-20,657133.58,437.0,
276,2024-10-02,53297.56,54.0,986.99
263,2024-09-19,450794.53,496.0,908.86
623,2025-09-14,532001.43,473.0,1124.74
582,2025-08-04,615669.1,394.0,1562.61
345,2024-12-10,509470.52,285.0,1787.62
68,2024-03-08,216391.6,208.0,1040.34
471,2025-04-15,212283.1,259.0,819.63
73,2024-03-13,539641.14,402.0,1342.39
363,2024-12-28,479727.26,357.0,1343.77
677,2025-11-07,196925.73,130.0,1514.81
184,2024-07-02,228364.8,146.0,1564.14
159,2024-06-07,776890.5,422.0,1840.97
297,2024-10-23,536393.39,464.0,1156.02
580,2025-08-02,136965.15,71.0,1929.09
115,2024-04-24,88398.17,70.0,1262.83
586,2025-08-08,468772.05,345.0,1358.76
145,2024-05-24,199624.84,113.0,1766.59
251,2024-09-07,755911.71,408.0,1852.72
642,2025-10-03,208607.84,189.0,1103.75
662,2025-10-23,414807.15,212.0,
160,2024-06-08,529937.56,311.0,1703.98
200,2024-07-18,122886.23,96.0,1280.06
394,2025-01-28,138267.99,106.0,1304.41
314,2024-11-09,177834.12,142.0,1252.35
385,2025-01-19,379471.36,,953.45
339,2024-12-04,95322.07,103.0,925.46
402,2025-02-05,398522.88,463.0,860.74
38,2024-02-07,469034.07,393.0,1193.47
618,2025-09-09,285768.72,177.0,1614.51
100,2024-04-09,563160.33,355.0,1586.37
467,2025-04-11,782034.35,466.0,
395,2025-01-29,407069.17,321.0,1268.13
302,2024-10-28,210053.12,227.0,925.34
51,2024-02-20,120812.37,67.0,1803.17
191,2024-07-09,365589.38,206.0,1774.71
179,2024-06-27,676013.81,491.0,1376.81
578,2025-07-31,360687.0,444.0,812.36
407,2025-02-10,519669.77,340.0,1528.44
16,2024-01-16,48488.45,60.0,808.14
67,2024-03-07,246637.42,140.0,1761.7
449,,423933.13,441.0,961.3
560,2025-07-13,159232.79,122.0,1305.19
718,2025-12-18,813231.93,497.0,1636.28
244,,421957.73,456.0,925.35
61,2024-03-01,405210.9,341.0,1188.3
346,2024-12-11,341208.38,388.0,879.4
432,2025-03-07,659762.11,459.0,1437.39
58,2024-02-27,,269.0,884.41
509,2025-05-23,487731.27,370.0,1318.19
109,2024-04-18,396476.83,434.0,
399,2025-02-02,74467.41,69.0,1079.24
252,,521421.16,311.0,1676.6
616,2025-09-07,151321.31,159.0,951.71
147,2024-05-26,98879.01,108.0,915.55
657,2025-10-18,542628.48,391.0,1387.8
377,2025-01-11,257715.51,144.0,1789.69
223,2024-08-10,247968.09,153.0,1620.71
337,2024-12-02,422336.47,441.0,957.68
583,2025-08-05,562227.31,364.0,1544.58
635,2025-09-26,222136.93,136.0,1633.36
489,2025-05-03,,184.0,801.22
367,2025-01-01,610659.87,316.0,1932.47
388,2025-01-22,191864.33,110.0,1744.22
518,2025-06-01,433563.76,283.0,1532.03
696,2025-11-26,433365.31,302.0,1434.98
50,2024-02-19,606855.41,466.0,1302.26
567,2025-07-20,206325.23,255.0,809.12
633,2025-09-24,232007.85,151.0,1536.48
700,2025-11-30,90641.49,93.0,974.64
222,,810991.43,426.0,1903.74
366,2024-12-31,941683.73,476.0,1978.33
73,2024-03-13,539641.14,402.0,1342.39
744,2026-01-13,807228.75,415.0,1945.13
503,2025-05-17,215922.07,221.0,977.02
21,2024-01-21,564518.78,432.0,1306.76
313,,494549.02,355.0,1393.1
481,2025-04-25,405545.17,225.0,1802.42
753,2026-01-22,235924.56,134.0,1760.63
672,2025-11-02,421441.57,320.0,1317.0
161,2024-06-09,152219.3,106.0,1436.03
322,2024-11-17,586182.45,396.0,1480.26
381,,400724.39,330.0,1214.32
136,2024-05-15,145355.06,75.0,1938.07
628,2025-09-19,114275.0,67.0,
137,2024-05-16,142683.97,166.0,859.54
728,2025-12-28,668866.09,387.0,1728.34
85,,,445.0,1234.08
762,2026-01-31,533464.06,469.0,1137.45
650,2025-10-11,247468.06,264.0,937.38
639,2025-09-30,796483.62,457.0,1742.85
167,2024-06-15,150608.74,131.0,1149.69
165,2024-06-13,599246.33,,1383.94
212,2024-07-30,205684.81,131.0,1570.11
197,2024-07-15,565816.01,468.0,1209.01
473,2025-04-17,239569.98,207.0,1157.34
87,2024-03-27,137964.76,146.0,944.96
496,2025-05-10,848766.16,466.0,1821.39
660,2025-10-21,795684.23,450.0,1768.19
316,2024-11-11,655054.18,472.0,1387.83
709,2025-12-09,142048.2,166.0,855.71
29,2024-01-29,618912.92,423.0,1463.15
447,2025-03-22,109080.97,126.0,865.72
37,2024-02-06,63003.0,71.0,887.37
151,2024-05-30,387492.4,390.0,993.57
435,2025-03-10,694297.67,459.0,1512.63
27,2024-01-27,656935.58,,1819.77
549,2025-07-02,401361.56,215.0,1866.8
74,2024-03-14,248428.11,188.0,1321.43
431,2025-03-06,477601.78,493.0,968.77
751,2026-01-20,,340.0,1383.79
152,2024-05-31,251370.6,260.0,966.81
595,2025-08-17,260477.42,134.0,1943.86
15,2024-01-15,544846.84,444.0,1227.13
206,2024-07-24,477393.75,334.0,1429.32
106,2024-04-15,328912.26,242.0,1359.14
418,2025-02-21,86077.38,67.0,
370,2025-01-04,569016.78,374.0,1521.44
330,2024-11-25,829456.91,473.0,1753.61
114,2024-04-23,565536.99,424.0,1333.81
190,2024-07-08,832040.6,454.0,1832.69
739,2026-01-08,157959.4,119.0,1327.39
42,2024-02-11,,431.0,
148,2024-05-27,423079.23,379.0,1116.3
143,2024-05-22,442078.0,343.0,
294,2024-10-20,102272.81,,905.07
465,2025-04-09,547926.07,455.0,1204.23
188,2024-07-06,432062.23,392.0,1102.2
155,2024-06-03,664421.15,485.0,1369.94
242,2024-08-29,374268.17,271.0,1381.06
679,2025-11-09,286035.73,150.0,1906.9
81,2024-03-21,780208.64,392.0,1990.33
769,2026-02-07,239105.45,257.0,930.37
634,2025-09-25,415034.33,411.0,1009.82
746,2026-01-15,348174.37,361.0,964.47
168,2024-06-16,170640.9,108.0,1580.01
501,2025-05-15,199434.47,210.0,949.69
488,2025-05-02,668914.89,357.0,1873.71
554,2025-07-07,,467.0,1102.38
94,2024-04-03,215729.86,178.0,1211.97
205,,676818.68,357.0,1895.85
77,2024-03-17,,130.0,1704.07
3,2024-01-03,682015.17,478.0,
57,2024-02-26,714430.57,445.0,1605.46
30,2024-01-30,265075.42,269.0,985.41
710,2025-12-10,628708.49,399.0,1575.71
129,2024-05-08,143305.69,,1837.25
214,2024-08-01,254830.77,276.0,923.3
239,2024-08-26,96128.28,70.0,1373.26
146,2024-05-25,163164.26,147.0,1109.96
227,2024-08-14,561353.15,317.0,1770.83
437,,109119.12,83.0,1314.69
320,2024-11-15,545637.45,496.0,1100.08
20,2024-01-20,506811.33,330.0,1535.79
92,2024-04-01,298342.04,150.0,1988.95
232,2024-08-19,308544.43,261.0,1182.16
42,2024-02-11,,431.0,
236,2024-08-23,300970.13,181.0,1662.82
70,2024-03-10,391664.55,463.0,845.93
396,2025-01-30,66671.11,83.0,803.27
604,2025-08-26,209103.28,146.0,1432.21
664,2025-10-25,116042.89,62.0,1871.66
760,2026-01-29,609778.15,424.0,1438.16
454,2025-03-29,410796.32,244.0,1683.59
369,2025-01-03,227464.5,127.0,1791.06
541,2025-06-24,,334.0,1418.15
234,2024-08-21,50651.04,55.0,920.93
189,2024-07-07,521899.28,355.0,1470.14
119,2024-04-28,82745.45,63.0,1313.42
684,2025-11-14,567207.24,,1492.65
111,2024-04-20,440296.36,490.0,898.56
523,2025-06-06,99192.23,51.0,1944.95
193,2024-07-11,288701.75,175.0,1649.72
581,2025-08-03,427056.07,263.0,1623.79
341,2024-12-06,224586.58,149.0,1507.29
620,2025-09-11,293081.04,,1167.65
310,2024-11-05,329574.96,277.0,1189.8
462,2025-04-06,189259.96,159.0,1190.31
121,2024-04-30,144641.76,97.0,1491.15
245,2024-09-01,270353.73,278.0,972.5
665,2025-10-26,207872.77,125.0,1662.98
390,2025-01-24,148721.19,113.0,1316.12
761,2026-01-30,111644.05,61.0,1830.23
360,2024-12-25,522756.87,421.0,1241.7
473,2025-04-17,239569.98,207.0,1157.34
703,2025-12-03,316548.84,249.0,1271.28
103,2024-04-12,,416.0,1076.42
215,2024-08-02,291811.28,182.0,1603.36
183,2024-07-01,672774.3,425.0,
732,2026-01-01,468132.54,276.0,1696.13
387,2025-01-21,210738.03,207.0,1018.06
674,2025-11-04,,295.0,1115.61
224,2024-08-11,718650.4,490.0,1466.63
427,2025-03-02,402803.93,412.0,977.68
43,2024-02-12,759907.39,490.0,1550.83
150,2024-05-29,85131.39,74.0,1150.42
542,2025-06-25,501032.5,343.0,1460.74
648,2025-10-09,334658.79,334.0,1001.97
208,2024-07-26,584480.83,295.0,1981.29
53,2024-02-22,297326.12,166.0,1791.12
130,2024-05-09,423656.87,217.0,1952.34
576,2025-07-29,238394.46,162.0,1471.57
504,2025-05-18,378672.68,235.0,1611.37
386,,610767.77,388.0,1574.14
752,2026-01-21,315310.32,324.0,973.18
446,2025-03-21,538685.21,275.0,1958.86
697,2025-11-27,642387.95,479.0,1341.1
614,2025-09-05,451410.06,445.0,1014.4
175,2024-06-23,411314.29,361.0,1139.37
589,2025-08-11,687518.37,431.0,
231,2024-08-18,229878.25,267.0,860.97
466,2025-04-10,312298.98,214.0,1459.34
185,2024-07-03,108657.0,70.0,1552.24
199,2024-07-17,436681.6,359.0,1216.38
449,,423933.13,441.0,961.3
379,,616311.62,481.0,1281.31
755,2026-01-24,542437.95,395.0,1373.26
768,2026-02-06,471693.42,445.0,1059.99
729,2025-12-29,607319.28,432.0,1405.83
584,2025-08-06,330589.63,374.0,883.93
434,2025-03-09,303487.25,304.0,998.31
632,2025-09-23,289479.68,175.0,1654.17
708,2025-12-08,79741.21,69.0,1155.67
128,2024-05-07,270779.21,228.0,1187.63
629,2025-09-20,764529.48,443.0,1725.8
574,2025-07-27,,485.0,1953.27
659,2025-10-20,216523.4,134.0,1615.85
82,2024-03-22,476849.68,,1759.59
397,2025-01-31,493038.6,280.0,1760.85
194,2024-07-12,94004.88,50.0,1880.1
269,2024-09-25,365593.84,203.0,1800.95
230,2024-08-17,551308.02,430.0,1282.11
625,2025-09-16,432192.91,271.0,
399,2025-02-02,74467.41,69.0,1079.24
597,2025-08-19,114154.58,68.0,1678.74
389,2025-01-23,247909.34,151.0,1641.78
56,2024-02-25,414087.49,470.0,881.04
455,2025-03-30,648233.91,346.0,
617,2025-09-08,,402.0,1158.7
549,2025-07-02,401361.56,215.0,1866.8
308,2024-11-03,386893.25,326.0,1186.79
266,2024-09-22,662815.1,362.0,1830.98
496,2025-05-10,848766.16,466.0,1821.39
689,2025-11-19,,325.0,1084.63
303,2024-10-29,,,1596.09
325,2024-11-20,546420.03,357.0,1530.59
414,2025-02-17,548373.83,387.0,1416.99
88,2024-03-28,346186.97,320.0,1081.83
702,2025-12-02,422958.86,266.0,1590.07
543,2025-06-26,206876.21,191.0,1083.12
401,2025-02-04,200224.03,178.0,1124.85
334,2024-11-29,204689.32,186.0,1100.48
628,2025-09-19,114275.0,67.0,
80,,112822.54,,1128.23
21,2024-01-21,564518.78,432.0,1306.76
211,2024-07-29,558121.39,368.0,1516.63
400,2025-02-03,507124.56,376.0,1348.74
290,2024-10-16,89309.11,111.0,804.59
127,,981627.64,495.0,1983.09
742,2026-01-11,242874.54,178.0,1364.46
250,2024-09-06,317655.09,167.0,1902.13
203,2024-07-21,398250.63,202.0,1971.54
1,,464809.63,239.0,1944.81
421,2025-02-24,624875.21,336.0,1859.75
486,2025-04-30,332491.1,376.0,884.28
253,2024-09-09,224410.74,113.0,1985.94
409,2025-02-12,336813.36,205.0,
673,2025-11-03,505771.11,262.0,1930.42
86,2024-03-26,147370.8,88.0,1674.67
475,,497886.19,309.0,
30,2024-01-30,265075.42,269.0,985.41
615,2025-09-06,519208.59,326.0,1592.66
317,2024-11-12,96885.52,99.0,978.64
12,,635295.15,404.0,1572.51
351,2024-12-16,,457.0,1608.14
759,2026-01-28,559655.85,452.0,1238.18
116,2024-04-25,562623.13,354.0,1589.33
553,2025-07-06,800622.16,488.0,1640.62
717,2025-12-17,357934.86,374.0,957.05
255,,961383.13,484.0,1986.33
104,2024-04-13,325207.95,393.0,827.5
277,2024-10-03,194973.21,110.0,1772.48
598,2025-08-20,224345.63,224.0,1001.54
451,2025-03-26,87415.85,79.0,1106.53
540,2025-06-23,,248.0,1317.87
176,2024-06-24,287304.33,341.0,842.53
694,2025-11-24,301119.08,376.0,800.85
300,,152661.16,102.0,1496.68
392,2025-01-26,606651.0,347.0,1748.27
274,2024-09-30,245588.78,185.0,1327.51
408,2025-02-11,545247.68,385.0,1416.23
637,2025-09-28,127679.97,89.0,1434.61
721,2025-12-21,132779.29,128.0,1037.34
536,2025-06-19,154837.7,,949.92
368,2025-01-02,437523.12,286.0,1529.8
539,2025-06-22,491208.32,483.0,1016.99
153,,568723.3,,1834.59
655,2025-10-16,241351.48,144.0,1676.05
498,2025-05-12,122489.22,62.0,1975.63
11,2024-01-11,310054.99,216.0,1435.44
477,2025-04-21,619898.3,460.0,1347.6
168,2024-06-16,170640.9,108.0,1580.01
347,2024-12-12,825561.33,479.0,1723.51
323,2024-11-18,271522.71,157.0,1729.44
676,2025-11-06,306394.02,378.0,810.57
625,2025-09-16,432192.91,271.0,
131,2024-05-10,89911.42,62.0,
455,2025-03-30,648233.91,346.0,
133,2024-05-12,103227.15,91.0,1134.36
468,2025-04-12,257766.22,155.0,1663.01
454,2025-03-29,410796.32,244.0,1683.59
64,2024-03-04,497265.52,363.0,1369.88
69,2024-03-09,592515.9,382.0,1551.09
545,2025-06-28,580700.57,457.0,1270.68
606,2025-08-28,603723.76,469.0,
342,2024-12-07,250100.15,294.0,850.68
8,2024-01-08,756119.32,422.0,1791.75
122,,399708.77,479.0,834.47
643,2025-10-04,514703.57,362.0,1421.83
458,2025-04-02,457228.53,347.0,1317.66
524,2025-06-07,226062.9,273.0,828.07
505,2025-05-19,212025.78,239.0,887.14
338,,,,1906.42
76,2024-03-16,430155.18,429.0,1002.69
727,2025-12-27,483061.06,372.0,1298.55
14,2024-01-14,320865.52,234.0,1371.22
7,2024-01-07,415929.93,349.0,1191.78
493,2025-05-07,584761.37,368.0,1589.03
562,2025-07-15,214129.59,238.0,899.7
420,2025-02-23,312356.69,176.0,1774.75
371,2025-01-05,157128.63,83.0,
684,2025-11-14,567207.24,,1492.65
66,2024-03-06,610991.94,495.0,1234.33
669,2025-10-30,273970.56,158.0,1733.99
360,2024-12-25,522756.87,421.0,1241.7
433,2025-03-08,703688.55,356.0,1976.65
226,2024-08-13,930439.53,485.0,1918.43
610,2025-09-01,113347.0,71.0,1596.44
114,2024-04-23,565536.99,424.0,1333.81
210,2024-07-28,399103.12,452.0,882.97
522,2025-06-05,384961.97,442.0,870.95
772,2026-02-10,59724.32,74.0,807.09
372,2025-01-06,193757.5,224.0,864.99
219,2024-08-06,458853.57,347.0,1322.34
386,,610767.77,388.0,1574.14
406,2025-02-09,642711.4,382.0,1682.49
777,2026-02-15,218998.95,185.0,1183.78
699,2025-11-29,611432.07,450.0,1358.74
156,2024-06-04,229524.28,115.0,1995.86
223,2024-08-10,247968.09,153.0,1620.71
24,2024-01-24,307463.28,253.0,1215.27
299,2024-10-25,68225.11,53.0,
591,2025-08-13,444751.38,266.0,1672.0
494,2025-05-08,724786.29,434.0,1670.01
292,2024-10-18,375690.02,265.0,1417.7
492,2025-05-06,269320.08,198.0,1360.2
596,2025-08-18,78100.18,88.0,887.5
83,2024-03-23,436520.99,424.0,1029.53
281,2024-10-07,300875.43,247.0,1218.12
764,2026-02-02,216531.63,165.0,
641,2025-10-02,70429.19,52.0,1354.41
221,2024-08-08,268583.43,208.0,1291.27
511,2025-05-25,165185.0,120.0,1376.54
256,2024-09-12,204639.98,,1562.14
359,2024-12-24,384051.77,275.0,1396.55
509,2025-05-23,487731.27,370.0,1318.19
292,2024-10-18,375690.02,265.0,1417.7
528,2025-06-11,140586.7,112.0,1255.24
356,2024-12-21,851793.35,459.0,1855.76
563,2025-07-16,450339.51,473.0,
707,2025-12-07,260401.24,168.0,1550.01
663,2025-10-24,188719.14,235.0,803.06
763,2026-02-01,214176.63,197.0,1087.19
705,2025-12-05,275611.78,224.0,1230.41
644,,568422.24,316.0,1798.8
645,2025-10-06,144116.55,87.0,1656.51
197,2024-07-15,565816.01,468.0,1209.01
89,2024-03-29,345461.45,330.0,1046.85
357,2024-12-22,,224.0,998.6
726,2025-12-26,,204.0,1390.73
555,2025-07-08,139585.21,,1723.27
102,2024-04-11,508712.64,435.0,1169.45
264,2024-09-20,425207.57,233.0,1824.93
479,2025-04-23,444558.93,286.0,1554.4
535,2025-06-18,607331.06,378.0,1606.7
192,2024-07-10,127306.85,65.0,1958.57
10,2024-01-10,390637.79,,1575.15
417,2025-02-20,523462.77,385.0,1359.64
517,2025-05-31,553518.61,479.0,1155.57
701,2025-12-01,487084.22,354.0,1375.94
91,2024-03-31,661673.2,407.0,1625.73
532,2025-06-15,,278.0,1562.11
149,2024-05-28,189886.23,107.0,1774.64
757,2026-01-26,207742.08,126.0,1648.75
33,2024-02-02,293655.28,170.0,1727.38
124,2024-05-03,430191.14,391.0,1100.23
607,2025-08-29,393216.12,470.0,
311,2024-11-06,200662.69,161.0,1246.35
154,2024-06-02,284408.76,170.0,1672.99
283,2024-10-09,731946.19,481.0,1521.72
602,2025-08-24,583790.49,413.0,1413.54
90,2024-03-30,661756.56,380.0,1741.46
178,2024-06-26,490332.72,325.0,1508.72
52,,204791.21,163.0,1256.39
685,2025-11-15,421082.24,273.0,1542.43
329,2024-11-24,244065.0,223.0,1094.46
456,2025-03-31,223875.36,183.0,1223.36
273,2024-09-29,747775.66,438.0,1707.25
566,2025-07-19,239763.02,277.0,865.57
340,2024-12-05,273104.5,180.0,1517.25
260,,473245.42,258.0,1834.28
686,2025-11-16,518859.16,465.0,1115.83
774,2026-02-12,632158.92,471.0,1342.16
2,2024-01-02,271895.18,175.0,1553.69
228,2024-08-15,441519.23,287.0,1538.39
26,2024-01-26,386068.13,462.0,835.65
113,2024-04-22,110484.86,78.0,1416.47
450,2025-03-25,179549.39,,1889.99
511,2025-05-25,165185.0,120.0,1376.54
47,,453267.69,397.0,1141.73
453,2025-03-28,487683.5,401.0,1216.17
654,2025-10-15,799139.48,498.0,1604.7
771,2026-02-09,152280.56,160.0,951.75
118,2024-04-27,680398.35,372.0,1829.03
270,2024-09-26,74231.02,77.0,964.04
513,2025-05-27,513708.36,434.0,1183.66
585,2025-08-07,,217.0,1069.92
748,2026-01-17,333207.08,186.0,1791.44
307,2024-11-02,119374.77,96.0,
72,2024-03-12,455064.53,425.0,1070.74
457,2025-04-01,653734.58,345.0,1894.88
182,2024-06-30,634116.33,415.0,1527.99
144,2024-05-23,544333.07,425.0,1280.78
415,2025-02-18,250529.06,,1605.96
282,2024-10-08,220980.85,178.0,
517,2025-05-31,553518.61,479.0,1155.57
425,2025-02-28,164603.9,,940.59
603,2025-08-25,313652.05,337.0,930.72
271,2024-09-27,312686.58,318.0,983.29
171,2024-06-19,432865.21,251.0,1724.56
722,2025-12-22,95849.5,88.0,1089.2
146,2024-05-25,163164.26,147.0,1109.96
393,2025-01-27,428138.72,476.0,899.45
28,2024-01-28,537235.08,363.0,1479.99
352,2024-12-17,290327.25,152.0,1910.05
434,2025-03-09,303487.25,304.0,998.31
667,2025-10-28,,95.0,1541.33
561,2025-07-14,543790.78,278.0,1956.08
548,2025-07-01,406297.48,297.0,1368.0
335,2024-11-30,334895.97,304.0,1101.63
378,2025-01-12,253917.78,129.0,1968.35
301,2024-10-27,362767.08,300.0,1209.22
259,2024-09-15,116311.24,144.0,
241,2024-08-28,71402.65,51.0,1400.05
45,2024-02-14,350016.67,289.0,1211.13
557,2025-07-10,641733.75,429.0,1495.88
35,2024-02-04,341226.54,297.0,1148.91
731,2025-12-31,791917.93,451.0,1755.92
620,2025-09-11,293081.04,,1167.65
588,2025-08-10,485614.77,447.0,1086.39
640,2025-10-01,379129.83,297.0,1276.53
538,2025-06-21,176999.76,97.0,1824.74
706,2025-12-06,719410.31,455.0,
170,2024-06-18,328619.02,272.0,1208.16
348,2024-12-13,977397.47,490.0,1994.69
773,2026-02-11,114957.59,79.0,1455.16
423,2025-02-26,480672.97,362.0,1327.83
570,2025-07-23,514156.99,294.0,1748.83
600,2025-08-22,609383.97,419.0,1454.38
108,2024-04-17,162251.13,168.0,965.78
649,2025-10-10,761164.33,414.0,1838.56
254,2024-09-10,313229.85,186.0,1684.03
49,2024-02-18,572637.27,334.0,1714.48
485,2025-04-29,205459.95,147.0,1397.69
328,2024-11-23,66998.33,61.0,1098.33
652,2025-10-13,191518.68,152.0,1259.99
715,2025-12-15,268989.92,181.0,1486.13
405,2025-02-08,,61.0,1258.38
416,2025-02-19,83416.93,80.0,1042.71
41,2024-02-10,403816.66,453.0,891.43
238,2024-08-25,211411.22,109.0,1939.55
655,2025-10-16,241351.48,144.0,1676.05
